tanggal,ton
2024-01-01,58.0
2024-01-02,58.0
2024-01-03,57.0
2024-01-04,59.0
2024-01-05,54.0
2024-01-06,60.0
2024-01-07,57.0
2024-01-08,59.0
2024-01-09,57.0
2024-01-10,56.0
2024-01-11,61.0
2024-01-12,55.0
2024-01-13,56.0
2024-01-14,55.0
2024-01-15,59.0
2024-01-16,58.0
2024-01-17,58.0
2024-01-18,61.0
2024-01-19,55.0
2024-01-20,57.0
2024-01-21,57.0
2024-01-22,55.0
2024-01-23,57.0
2024-01-24,57.0
2024-01-25,55.0
2024-01-26,55.0
2024-01-27,56.0
2024-01-28,61.0
2024-01-29,56.0
2024-01-30,59.0
2024-01-31,60.0
2024-02-01,60.0
2024-02-02,60.0
2024-02-03,54.0
2024-02-04,54.0
2024-02-05,53.0
2024-02-06,58.0
2024-02-07,58.0
2024-02-08,54.0
2024-02-09,53.0
2024-02-10,58.0
2024-02-11,60.0
2024-02-12,60.0
2024-02-13,56.0
2024-02-14,59.0
2024-02-15,55.0
2024-02-16,55.0
2024-02-17,56.0
2024-02-18,61.0
2024-02-19,58.0
2024-02-20,57.0
2024-02-21,59.0
2024-02-22,57.0
2024-02-23,58.0
2024-02-24,59.0
2024-02-25,58.0
2024-02-26,56.0
2024-02-27,61.0
2024-02-28,58.0
2024-02-29,58.0
2024-03-01,68.0
2024-03-02,65.0
2024-03-03,61.0
2024-03-04,68.0
2024-03-05,69.0
2024-03-06,68.0
2024-03-07,67.0
2024-03-08,65.0
2024-03-09,68.0
2024-03-10,62.0
2024-03-11,63.0
2024-03-12,64.0
2024-03-13,61.0
2024-03-14,61.0
2024-03-15,68.0
2024-03-16,63.0
2024-03-17,62.0
2024-03-18,63.0
2024-03-19,62.0
2024-03-20,63.0
2024-03-21,61.0
2024-03-22,69.0
2024-03-23,63.0
2024-03-24,63.0
2024-03-25,61.0
2024-03-26,61.0
2024-03-27,64.0
2024-03-28,65.0
2024-03-29,62.0
2024-03-30,65.0
2024-03-31,65.0
2024-04-01,65.0
2024-04-02,68.0
2024-04-03,62.0
2024-04-04,61.0
2024-04-05,65.0
2024-04-06,62.0
2024-04-07,64.0
2024-04-08,65.0
2024-04-09,63.0
2024-04-10,62.0
2024-04-11,65.0
2024-04-12,62.0
2024-04-13,68.0
2024-04-14,65.0
2024-04-15,67.0
2024-04-16,62.0
2024-04-17,66.0
2024-04-18,66.0
2024-04-19,69.0
2024-04-20,69.0
2024-04-21,69.0
2024-04-22,68.0
2024-04-23,67.0
2024-04-24,64.0
2024-04-25,66.0
2024-04-26,67.0
2024-04-27,67.0
2024-04-28,66.0
2024-04-29,61.0
2024-04-30,66.0
2024-05-01,62.0
2024-05-02,63.0
2024-05-03,64.0
2024-05-04,60.0
2024-05-05,62.0
2024-05-06,61.0
2024-05-07,60.0
2024-05-08,60.0
2024-05-09,64.0
2024-05-10,59.0
2024-05-11,62.0
2024-05-12,57.0
2024-05-13,57.0
2024-05-14,60.0
2024-05-15,56.0
2024-05-16,59.0
2024-05-17,58.0
2024-05-18,64.0
2024-05-19,62.0
2024-05-20,63.0
2024-05-21,57.0
2024-05-22,56.0
2024-05-23,60.0
2024-05-24,58.0
2024-05-25,57.0
2024-05-26,57.0
2024-05-27,62.0
2024-05-28,62.0
2024-05-29,63.0
2024-05-30,63.0
2024-05-31,57.0
2024-06-01,56.0
2024-06-02,62.0
2024-06-03,63.0
2024-06-04,61.0
2024-06-05,56.0
2024-06-06,59.0
2024-06-07,64.0
2024-06-08,62.0
2024-06-09,60.0
2024-06-10,57.0
2024-06-11,59.0
2024-06-12,60.0
2024-06-13,61.0
2024-06-14,58.0
2024-06-15,58.0
2024-06-16,59.0
2024-06-17,59.0
2024-06-18,63.0
2024-06-19,60.0
2024-06-20,63.0
2024-06-21,57.0
2024-06-22,56.0
2024-06-23,58.0
2024-06-24,57.0
2024-06-25,62.0
2024-06-26,64.0
2024-06-27,59.0
2024-06-28,61.0
2024-06-29,62.0
2024-06-30,60.0
2024-07-01,62.0
2024-07-02,56.0
2024-07-03,61.0
2024-07-04,57.0
2024-07-05,64.0
2024-07-06,56.0
2024-07-07,63.0
2024-07-08,61.0
2024-07-09,60.0
2024-07-10,60.0
2024-07-11,64.0
2024-07-12,58.0
2024-07-13,57.0
2024-07-14,61.0
2024-07-15,57.0
2024-07-16,60.0
2024-07-17,62.0
2024-07-18,63.0
2024-07-19,56.0
2024-07-20,60.0
2024-07-21,64.0
2024-07-22,56.0
2024-07-23,57.0
2024-07-24,59.0
2024-07-25,61.0
2024-07-26,63.0
2024-07-27,60.0
2024-07-28,64.0
2024-07-29,58.0
2024-07-30,58.0
2024-07-31,58.0
2024-08-01,56.0
2024-08-02,61.0
2024-08-03,64.0
2024-08-04,60.0
2024-08-05,62.0
2024-08-06,62.0
2024-08-07,64.0
2024-08-08,59.0
2024-08-09,56.0
2024-08-10,56.0
2024-08-11,63.0
2024-08-12,56.0
2024-08-13,57.0
2024-08-14,59.0
2024-08-15,58.0
2024-08-16,60.0
2024-08-17,56.0
2024-08-18,61.0
2024-08-19,60.0
2024-08-20,56.0
2024-08-21,57.0
2024-08-22,64.0
2024-08-23,59.0
2024-08-24,64.0
2024-08-25,57.0
2024-08-26,64.0
2024-08-27,57.0
2024-08-28,56.0
2024-08-29,58.0
2024-08-30,59.0
2024-08-31,63.0
2024-09-01,69.0
2024-09-02,64.0
2024-09-03,65.0
2024-09-04,66.0
2024-09-05,67.0
2024-09-06,66.0
2024-09-07,63.0
2024-09-08,67.0
2024-09-09,69.0
2024-09-10,62.0
2024-09-11,63.0
2024-09-12,68.0
2024-09-13,69.0
2024-09-14,61.0
2024-09-15,68.0
2024-09-16,63.0
2024-09-17,67.0
2024-09-18,67.0
2024-09-19,65.0
2024-09-20,69.0
2024-09-21,66.0
2024-09-22,67.0
2024-09-23,65.0
2024-09-24,62.0
2024-09-25,65.0
2024-09-26,62.0
2024-09-27,65.0
2024-09-28,67.0
2024-09-29,62.0
2024-09-30,65.0
2024-10-01,61.0
2024-10-02,69.0
2024-10-03,69.0
2024-10-04,65.0
2024-10-05,65.0
2024-10-06,66.0
2024-10-07,65.0
2024-10-08,65.0
2024-10-09,68.0
2024-10-10,63.0
2024-10-11,69.0
2024-10-12,63.0
2024-10-13,63.0
2024-10-14,63.0
2024-10-15,68.0
2024-10-16,63.0
2024-10-17,61.0
2024-10-18,64.0
2024-10-19,64.0
2024-10-20,64.0
2024-10-21,68.0
2024-10-22,66.0
2024-10-23,66.0
2024-10-24,64.0
2024-10-25,64.0
2024-10-26,61.0
2024-10-27,61.0
2024-10-28,61.0
2024-10-29,67.0
2024-10-30,61.0
2024-10-31,61.0
2024-11-01,62.0
2024-11-02,58.0
2024-11-03,56.0
2024-11-04,56.0
2024-11-05,64.0
2024-11-06,60.0
2024-11-07,56.0
2024-11-08,62.0
2024-11-09,56.0
2024-11-10,64.0
2024-11-11,59.0
2024-11-12,63.0
2024-11-13,59.0
2024-11-14,60.0
2024-11-15,62.0
2024-11-16,61.0
2024-11-17,62.0
2024-11-18,56.0
2024-11-19,57.0
2024-11-20,62.0
2024-11-21,59.0
2024-11-22,58.0
2024-11-23,64.0
2024-11-24,56.0
2024-11-25,61.0
2024-11-26,61.0
2024-11-27,60.0
2024-11-28,62.0
2024-11-29,63.0
2024-11-30,59.0
2024-12-01,56.0
2024-12-02,58.0
2024-12-03,56.0
2024-12-04,61.0
2024-12-05,59.0
2024-12-06,57.0
2024-12-07,61.0
2024-12-08,64.0
2024-12-09,64.0
2024-12-10,60.0
2024-12-11,57.0
2024-12-12,60.0
2024-12-13,63.0
2024-12-14,63.0
2024-12-15,56.0
2024-12-16,59.0
2024-12-17,58.0
2024-12-18,63.0
2024-12-19,62.0
2024-12-20,58.0
2024-12-21,57.0
2024-12-22,58.0
2024-12-23,58.0
2024-12-24,58.0
2024-12-25,58.0
2024-12-26,64.0
2024-12-27,63.0
2024-12-28,56.0
2024-12-29,61.0
2024-12-30,56.0
2024-12-31,57.0
